rank,uri,artist_names,track_name,source,peak_rank,previous_rank,weeks_on_chart,streams
1,"spotify:track:7bywjHOc0wSjGGbj04XbVi","Feid, ATL Jacob","LUNA","UMLE - Latino",1,1,10,"2794663"
2,"spotify:track:0R6NfOiLzLj4O5VbYSJAjf","Xavi","La Diabla","Interscope Records",2,3,8,"1883387"
3,"spotify:track:7iQXYTyuG13aoeHxGG28Nh","Bad Bunny, Feid","PERRO NEGRO","Rimas Entertainment LLC",1,4,17,"1823187"
4,"spotify:track:7chTH3GBjjAyagf0SPCZDL","Blessd, Feid","SI SABE FERXXO","WEA Latina",2,2,2,"1642924"
5,"spotify:track:05sO6FK8E9l2cfwnEUTjHq","Feid, Pirlo","CUAL ES ESA","UMLE - Latino",2,5,10,"1396374"
6,"spotify:track:5RqSsdzTNPX1uzkmlHCFvK","KAROL G, Peso Pluma","QLONA","Bichota/Interscope Records",1,7,26,"1174185"
7,"spotify:track:4bw8mcDUSRWfQo63ZTYRnU","Maluma, Carin Leon","Según Quién","Sony Music Latin",3,8,24,"1165172"
8,"spotify:track:5XVdHRf4CAJ2Jm0uMIy5qY","Xavi","La Víctima","Interscope Records",6,9,7,"1069587"
9,"spotify:track:505v13epFXodT9fVAJ6h8k","KAROL G","AMARGURA","Universal Music Latino",2,10,50,"968117"
10,"spotify:track:1hZsWUnLbqRw09jLAMQSsb","Feid, Young Miko","CLASSY 101","UMLE - Latino",1,11,45,"964852"
11,"spotify:track:4RbCdwPPk5XUpTrxAvntGM","Blessd","CONDENADO AL EXITO II","WEA Latina",6,6,2,"916179"
12,"spotify:track:2CeKVsFFXG4QzA415QygGb","Feid","Feliz Cumpleaños Ferxxo","UMLE - Latino",1,12,77,"906002"
13,"spotify:track:2Yc3MHpZ9R5UCIz78E20AQ","Feid","ALAKRAN","UMLE - Latino",8,13,10,"894633"
14,"spotify:track:7iUtQNMRB8ZkKC4AmEuCJC","Myke Towers","LA FALDA","WEA Latina",14,29,10,"845985"
15,"spotify:track:25OeKzcqakFPaJlXHPE5lm","Carin Leon","Primera Cita","Socios Music LLC",7,14,30,"822613"
16,"spotify:track:1zsPaEkglFvxjAhrM8yhpr","Ozuna, Feid","Hey Mor","Aura Music Corp.",1,15,70,"807561"
17,"spotify:track:01W6syCgxisKd0gDqFRdEG","Feid, Mañas Ru-Fino","LA VUELTA","UMLE - Latino",9,18,10,"770321"
18,"spotify:track:0CYTGMBYkwUxrj1MWDLrC5","Feid","CHORRITO PA LAS ANIMAS","UMLE - Latino",2,21,62,"726176"
19,"spotify:track:6uIIdjYTxxpWOyWuVXrKQO","Calle 24, Chino Pacas, Fuerza Regida","Que Onda","Street Mob Records - Rancho Humilde",7,16,21,"725978"
20,"spotify:track:7ABLbnD53cQK00mhcaOUVG","Myke Towers","LALA","WEA Latina",1,20,33,"718512"
21,"spotify:track:6VciS3dRMpZhJiDxT8ArFi","Bizarrap, Young Miko","Young Miko: Bzrp Music Sessions, Vol. 58","DALE PLAY Records",16,19,4,"711618"
22,"spotify:track:5jt25aFjW2kNoBqaEVaz5W","Mora, Feid","LA INOCENTE","Rimas Entertainment LLC",9,30,97,"666957"
23,"spotify:track:3KZCP2StVGdWkOKyRZNWA4","Plan B","Es Un Secreto","Sony Music Entertainment",18,34,158,"660446"
24,"spotify:track:0T2pB7P1VdXPhLdQZ488uH","Feid","Normal","UMLE - Latino",1,26,83,"658951"
25,"spotify:track:54zcJnb3tp9c5OVKREZ1Is","KAROL G","MI EX TENÍA RAZÓN","Bichota/Interscope Records",2,28,26,"645736"
26,"spotify:track:6XbtvPmIpyCbjuT0e8cQtp","Quevedo","Columbia","Quevedo",7,33,31,"642512"
27,"spotify:track:5YJ4BVvTFmVCxUyhKejHfR","Tego Calderón","Pa' Que Retozen","Jiggiri Records, Inc.",27,32,166,"636380"
28,"spotify:track:3tt9i3Hhzq84dPS8H7iSiJ","Manuel Turizo","La Bachata","Sony Music Latin/La Industria",2,31,88,"633616"
29,"spotify:track:4u8fUK0wSDHvVQ24SUMqZq","Blessd, Ryan Castro, Bryant Myers, Hades66","PALABRAS SOBRAN - REMIX","WEA Latina",12,17,17,"620171"
30,"spotify:track:2hn2zOA2XFlv6DSmesylrL","Ryan Castro, Peso Pluma, SOG","QUEMA","Sony Music Latin",6,24,30,"617997"
31,"spotify:track:1sbNEFiURUYfy024cJX8JG","Feid","Ferxxo 100","UMLE - Latino",4,39,88,"602809"
32,"spotify:track:62xla8336vUnmxTWNzCfRt","Feid, Rema","BUBALU","UMLE - Latino",6,35,20,"585845"
33,"spotify:track:6y8z28epOv5FlaxDv1Lo5B","Ryan Castro","Jordan","King Records",3,36,144,"585069"
34,"spotify:track:2yzshFeBIwH8tWIqHEFLeD","Grupo Frontera, Bad Bunny","un x100to","Grupo Frontera",1,37,43,"576462"
35,"spotify:track:1JpzJfxjHGFUyTHXLZidok","Ryan Castro, Feid","Monastery","UMLE - Latino",1,38,117,"567294"
36,"spotify:track:0p0cOpBujR114Wirv5AM7W","Dei V, Bryant Myers","Narcotics (with Bryant Myers)","Encore Recordings",36,44,19,"566180"
37,"spotify:track:4FAKtPVycI4DxoOHC01YqD","Yandel, Feid","Yandel 150","La Leyenda LLC",1,42,59,"552904"
38,"spotify:track:0IPD4hNAGIjVDBTHfVdv8o","Blessd, Pirlo, YOVNGCHIMI, Neutro Shorty, NLE Choppa, Foreign Teck","A2P","WEA Latina",27,27,2,"550628"
39,"spotify:track:5ktB9kTVHGFSMdJ2G0WdhN","Feid, Jhay P","YO AK","UMLE - Latino",21,40,10,"512567"
40,"spotify:track:3cDyocF0Ibdfs1SFQk5cLZ","Darell","Lollipop","Sony Music Latin",4,48,19,"512133"
41,"spotify:track:4MjDJD8cW7iVeWInc2Bdyj","Bad Bunny","MONACO","Rimas Entertainment LLC",2,47,17,"503638"
42,"spotify:track:6CvTEtGagmzQvkUzzyKR9k","Fuerza Regida, Marshmello","HARLEY QUINN","Rancho Humilde/Street Mob Records",30,51,15,"503246"
43,"spotify:track:2ItA7kOg5NH6AygzU30sEv","Tony Dize, Plan B","Solos (feat. Plan B)","Sony Music Entertainment",29,52,87,"501001"
44,"spotify:track:3PpWCS95gDUDRPko3u1MZ9","Feid","Prohibidox","UMLE - Latino",2,54,74,"496666"
45,"spotify:track:05WVKTdZhlIMX4qqMLuo0f","Peso Pluma, Anitta","BELLAKEO","Double P Records",45,58,8,"486128"
46,"spotify:track:3HqcNJdZ2seoGxhn0wVNDK","KAROL G","PROVENZA","Universal Music Latino",1,59,94,"476451"
47,"spotify:track:6XaJfhwof7qIgbbXO5tIQI","Kali Uchis, Peso Pluma","Igual Que Un Ángel (with Peso Pluma)","Geffen Records",34,43,4,"471788"
48,"spotify:track:0jrzbfG1zOkPOHKD4SaPhd","Blessd, Peso Pluma, SOG","OJOS AZULES","WEA Latina",21,25,24,"470893"
49,"spotify:track:0O3U5iwTbiXCREMkvotJuN","Grupo Frontera, Grupo Firme","EL AMOR DE SU VIDA","Grupo Frontera",28,50,20,"463169"
50,"spotify:track:0sBVn4NN8VlR9WMmyZ1Cek","Luis Alfonso","Mi Palabra Contra la de Ellos - En Vivo","La Industria",50,70,9,"450292"
51,"spotify:track:4PA1wK0leCjmRZlP5dQ8Lv","Sky Rompiendo, Feid, Myke Towers","El Cielo","Sony Music Latin",1,61,36,"448981"
52,"spotify:track:0DWdj2oZMBFSzRsi2Cvfzf","KAROL G, Shakira","TQG","Universal Music Latino",1,62,50,"432853"
53,"spotify:track:6P8exce0caeTZ1uaKkS2wT","Blessd","VISAJE","WEA Latina",46,55,13,"430955"
54,"spotify:track:39L3LdlHS3gqB62HPWaJRg","Bad Bunny","NO ME QUIERO CASAR","Rimas Entertainment LLC",24,64,17,"429736"
55,"spotify:track:4gJfPoMIcSDGY0tMGxm6Fu","KAROL G","OKI DOKI","Bichota/Interscope Records",20,57,26,"424807"
56,"spotify:track:6KaezqeYEakCN6jq5a7T1w","Nath, Pirlo, Cheztom","KLKNTOKI","La Industria",12,56,20,"419685"
57,"spotify:track:4aEOz6ZpXh3wF4FOdJHOPV","Wolfine, Ñejo","Escápate Conmigo - Remix","LOMIORECORDS",12,67,48,"412314"
58,"spotify:track:6Sq7ltF9Qa7SNFBsV5Cogx","Bad Bunny, Chencho Corleone","Me Porto Bonito","Rimas Entertainment LLC",1,69,92,"403659"
59,"spotify:track:4NoOME4Dhf4xgxbHDT7VGe","KAROL G, Romeo Santos","X SI VOLVEMOS","Universal Music Latino",3,73,53,"395359"
60,"spotify:track:4jY5SnGbpH6FdGCqVbhOD4","Yandar & Yostin, Andy Rivera","Te Pintaron Pajaritos","Yandar & Yostin",43,78,43,"393817"
61,"spotify:track:69Ej1xrGjOcHvIMtMKxK0G","Don Omar","Dile","UMLE - Machete",40,81,170,"387911"
62,"spotify:track:6otePxalBK8AVa20xhZYVQ","KAROL G","MIENTRAS ME CURO DEL CORA","Universal Music Latino",4,79,50,"379438"
63,"spotify:track:35ttE4t8lQZA2vuCYDg4G7","Milo j","M.A.I","DALE PLAY Records",63,87,3,"376750"
64,"spotify:track:17jcYtUYRhpPL19fDedfTD","Ryan Castro","Wasa Wasa","King Records",3,72,124,"375242"
65,"spotify:track:0fea68AdmYNygeTGI4RC18","J Balvin, Bad Bunny","LA CANCIÓN","Universal Music Latino / Rimas",2,88,241,"370937"
66,"spotify:track:1JXcB149QtbcIpDUA6YZOB","Grupo Niche","Algo Que Se Quede","Grupo Niche",30,89,127,"367734"
67,"spotify:track:2naqSVQHgiaoEpxtkVOhmK","Dimension Latina","Llorarás","Musart-Balboa",40,80,193,"360470"
68,"spotify:track:3Cx4BsDd4q0GCVBJ5CAw2K","Gaby Music, Lunay, Luar La L","No Te Quieren Conmigo","Universal Music Latino / Gaby Music, Inc.",64,74,6,"358608"
69,"spotify:track:7MVIfkyzuUmQ716j8U7yGR","Taiu, Milo j","Rara Vez","Universal Music Argentina S.A.",21,97,51,"349705"
70,"spotify:track:4T18CIOag4LfuqqfzyBQmw","Ryan Castro","Malory","King Records",19,85,124,"348636"
71,"spotify:track:4f49sFQko7jHLEFd3tCf5p","Don Omar","Ojitos Chiquitos","UMLE - Machete",55,83,139,"347926"
72,"spotify:track:6ED7qim1NAX1HjNU8039WS","Eugenio Esquivel, Grupo Marca Registrada, Sebastian Esquivel","Alucin","WKMX, División of WK Records / RB Records",72,82,4,"347732"
73,"spotify:track:4khWEpnaijN0G1x019Uzdr","Morat","No Se Va","Universal Music Spain S.L.",34,93,134,"347221"
74,"spotify:track:3jXlnjcqh0oVlEimqYIZ7P","Blessd, Jory Boy","SI A BUENO","WEA Latina",63,63,2,"345324"
75,"spotify:track:1txhQHV26PyOJJarkYtkOn","YOVNGCHIMI, Dei V","TU$$I (with Dei V)","Glizzy Gvng Inc./Encore",75,149,2,"343058"
76,"spotify:track:7mXuWTczZNxG5EDcjFEuJR","Peso Pluma, Gabito Ballesteros, Junior H","LADY GAGA","Double P Records",31,75,33,"341771"
77,"spotify:track:4BXG52ul7GlV4Qpve6JDJo","Ñejo & Dalmata","Señal De Vida","La Fama Alstars, LLC.",67,71,44,"339191"
78,"spotify:track:2gN4tTPjZceqOy2F0OJZQk","Blessd","SORNERITO","WEA Latina",23,23,2,"338178"
79,"spotify:track:2FhmPPAersOD9YcQ9v8upy","Feid","50 PALOS","UMLE - Latino",13,94,10,"337788"
80,"spotify:track:5nSUskJwcSRFS9dIqrVfrv","Dei V","Quien Es Dei V?","Encore Recordings",80,96,19,"335692"
81,"spotify:track:7CyPwkp0oE8Ro9Dd5CUDjW","The Weeknd, JENNIE, Lily-Rose Depp","One Of The Girls (with JENNIE, Lily Rose Depp)","XO / Republic Records",81,95,6,"332606"
82,"spotify:track:2CBcMmYzUemXGeEJ16NHHh","Blessd, Ryan Castro, SOG","OJITOS ROJOS - REMIX","WEA Latina",29,53,32,"328113"
83,"spotify:track:3qQbCzHBycnDpGskqOWY0E","Eslabon Armado, Peso Pluma","Ella Baila Sola","DEL Records",1,84,47,"326756"
84,"spotify:track:0GJwUAlBMJTbY4VE7iE761","KAROL G, Cris Mj, Ryan Castro","UNA NOCHE EN MEDELLÍN - REMIX","Bichota/Interscope Records",9,91,26,"324401"
85,"spotify:track:3nNmRE0DxHC6ZaKkrpUumS","Bad Bunny, Young Miko","FINA","Rimas Entertainment LLC",3,92,17,"323152"
86,"spotify:track:2HafqoJbgXdtjwCOvNEF14","iñigo quintero","Si No Estás","Acqustic",10,90,19,"320855"
87,"spotify:track:7MmrcXVA7A5zZ2CbDuGHNa","Rels B","A Mí","DALE PLAY Records / Flakk Team",73,108,205,"318765"
88,"spotify:track:4GvEuYAfJlICR2SpMDaBxQ","Jere Klein, Gittobeatz","ANDO","2023 JERE KLEIN",76,104,9,"317882"
89,"spotify:track:2LWM5Ft0TdX24GeSq1u6PV","Feid","FERXXO 30","UMLE - Latino",7,100,18,"312484"
90,"spotify:track:4dyzxv5SsdBtunuU3qj7Ti","Fresto Music","Me Hace Daño Verte","Codiscos",30,101,78,"312398"
91,"spotify:track:35wvL50xvKpCHEJPxLOLPI","Bad Bunny","Si Estuviésemos Juntos","Rimas Entertainment LLC",42,120,216,"312084"
92,"spotify:track:14k3Rb7Xgte9fsndjdenmq","Kany García, Carin Leon","Te Lo Agradezco","5020 Records",92,99,21,"311545"
93,"spotify:track:3fjN3y5x4hN53rykAN2LHQ","Rels B","cómo dormiste?","DALE PLAY Records / Flakk Team",17,102,79,"307734"
94,"spotify:track:4HYDUMY0xSpeBr0AMY9cUz","Jay Wheeler, DJ Nelson, Myke Towers","La Curiosidad","Linked Music / Dynamic Records / EMPIRE",2,109,191,"307253"
95,"spotify:track:5QtB74eCS2YzHvEfSlh8MG","Eladio Carrion, Rauw Alejandro","Hey Lil Mama","Rimas Entertainment LLC",53,98,3,"306495"
96,"spotify:track:4VPoFy002PwspvctfYP6zx","Feid, Sean Paul","Niña Bonita","UMLE - Latino",6,119,42,"304087"
97,"spotify:track:6irysuQyZWd7Bjj7ePiOs2","Jhayco","Holanda","N&E Entertainment LLC",11,116,28,"302560"
98,"spotify:track:3KnCfdpeaykCr1jC3rSkVc","Blessd","ESO ES TODO","WEA Latina",22,22,2,"302172"
99,"spotify:track:2kz1YOhJiNubjigR1gB1VX","Rauw Alejandro","DILUVIO","Sony Music Latin/Duars Entertainment",90,105,13,"301442"
100,"spotify:track:3h5TiWTqGxjSjFrbruPFH9","YG Marley","Praise Jah In The Moonlight","YG Marley Music",100,-1,1,"301392"
101,"spotify:track:3pEP9sPglz2hVxA8BUsB7S","Pressure 9X19","VVS Switch","Stash Money Way Records",101,180,2,"301364"
102,"spotify:track:4Dvkj6JhhA12EX05fT7y2e","Harry Styles","As It Was","Columbia",12,122,96,"301102"
103,"spotify:track:3k3NWokhRRkEPhCzPmV8TW","Bad Bunny, Bomba Estéreo","Ojitos Lindos","Rimas Entertainment LLC",1,114,92,"301053"
104,"spotify:track:6ifUES3keWjwXgae8pXI3o","Danny Ocean","Me Rehúso","Atlantic Records",1,118,372,"300937"
105,"spotify:track:4EGZyZc7wDLqvg5YdLTZ6E","Luis Alfonso","La Ex - En Vivo","La Industria",71,110,40,"299948"
106,"spotify:track:0EFxJw34fK8DWlTxx9qYeW","Blessd","Instagram","WEA Latina",2,76,88,"299212"
107,"spotify:track:5HR7yfhSCeoOHRQN05XnZQ","Grupo Frontera, Carin Leon","QUE VUELVAS","Grupo Frontera",77,103,48,"295778"
108,"spotify:track:5clFSlfkCRlhnH1cAQjSBi","De La Ghetto","Sensacion Del Bloque","Capitol Latin",68,115,145,"295183"
109,"spotify:track:7DSAEUvxU8FajXtRloy8M0","Miley Cyrus","Flowers","Columbia",5,-1,36,"293988"
110,"spotify:track:6Tah0tpInGpXOnYvPcwrCc","Blessd, SOG","Hagale Pues","WEA Latina",66,77,9,"290361"
111,"spotify:track:2tTmW7RDtMQtBk7m2rYeSw","Bizarrap, Quevedo","Quevedo: Bzrp Music Sessions, Vol. 52","DALE PLAY Records",1,113,84,"289409"
112,"spotify:track:748TYQSNoIN4p7W8damq2u","Jay Wheeler, DJ Nelson, Feid","Cuando Fue","Linked Music / Dynamic Records / EMPIRE",95,111,19,"285503"
113,"spotify:track:5n2XTRsYFlZwNBp06KAjDX","Cosculluela, Bad Bunny","Madura","Rottweilas, Inc.",8,142,96,"285264"
114,"spotify:track:6k5wiT5l9DK8iZmhvEvoqo","Brray, Jhayco, Ryan Castro","Corazón Roto - Remix","UMLE - Latino",9,124,44,"283809"
115,"spotify:track:0sfk352FO8bJUjWjIsyzSR","Mora","DONDE SE APRENDE A QUERER?","Rimas Entertainment LLC",8,137,24,"282152"
116,"spotify:track:2UW7JaomAMuX9pZrjVpHAU","Yng Lvcas, Peso Pluma","La Bebe - Remix","WM Mexico",5,112,46,"280740"
117,"spotify:track:1pLCpA1RN8avJxSD3ZCwhj","Arcángel","Pa' Que La Pases Bien","Cinq Recordings",81,127,57,"278129"
118,"spotify:track:7LjeemSLTrIgPYO9igDTKD","Blessd, SOG","FLETECITO","WEA Latina",49,49,2,"276485"
119,"spotify:track:2ctjDCCg1wHoQSjIJ8p6U4","Plan B","Candy","Pina Records",104,146,73,"276170"
120,"spotify:track:1SCYfmGM5ueb6YiiQbLXVn","Feid","SI TÚ SUPIERAS - Bonus Track","Universal Music Latino",1,136,126,"275851"
121,"spotify:track:1Wrzhfa5bNlqvsnCztz190","Hombres G","Devuélveme a mi chica","WM Spain",121,168,118,"274354"
122,"spotify:track:0BenZn1xELuxhb7Pjwyjxv","Don Omar, Plan B","Hooka","UMLE - Machete",87,128,101,"274171"
123,"spotify:track:1BLceHxSV6Wx1MRC4gkt3f","Hernan Gómez, Luis Alfonso, Pipe Bueno","La Cantina - Remix","Naeku",57,132,9,"273984"
124,"spotify:track:4WiQA1AGWHFvaxBU6bHghs","Quevedo","PUNTO G","Quevedo",20,130,65,"273219"
125,"spotify:track:5XeFesFbtLpXzIVDNQP22n","Arctic Monkeys","I Wanna Be Yours","Domino Recording Co",114,135,69,"272557"
126,"spotify:track:5Eax0qFko2dh7Rl2lYs3bx","Bad Bunny","Efecto","Rimas Entertainment LLC",3,133,92,"271172"
127,"spotify:track:4eDjNcAyIuJFhQ31Fvvoc1","J Alvarez, Ñejo & Dalmata","Sexo, Sudor y Calor","On Top of the World Music",83,138,127,"270517"
128,"spotify:track:2Cl4HCBmPddQNZEncdoXp0","Feid, ICON","FERXXO 151","UMLE - Latino",11,147,24,"269588"
129,"spotify:track:71iAechwVKGu26pahzFL0k","Morat","Cuando Nadie Ve","Universal Music Spain S.L.",22,161,256,"268649"
130,"spotify:track:1j6xOGusnyXq3l6IryKF3G","Piso 21, Manuel Turizo","Déjala Que Vuelva (feat. Manuel Turizo)","WM Mexico",1,68,198,"268230"
131,"spotify:track:2ZXu8wKzZ9eSAOHxrxcraF","Yeison Jimenez, Pasabordo","Hasta La Madre","Yj Company - Black Lion Digital",69,123,22,"266934"
132,"spotify:track:7hynhxDoDpgMIV12JuVtNa","J Balvin, Bad Bunny, Marciano Cantero","UN PESO","Universal Music Latino / Rimas",18,151,222,"265992"
133,"spotify:track:21nc3O8OncUv1jjSrC1ML2","Yiyo Sarante","Corazon de Acero","TranKYouTV",52,126,99,"265267"
134,"spotify:track:3JYw9n3rJTVQryVz1rwlH4","Blessd, Pirlo","Ziploc (Blessd Version)","WEA Latina",12,125,66,"264937"
135,"spotify:track:4loIMejzvt11s97SGVEat8","Xavi, Los Dareyes De La Sierra","Poco A Poco","Interscope Records",110,129,5,"264706"
136,"spotify:track:6G4U9avyBNEfP0fAIduev3","Aventura, Don Omar","Ella Y Yo - Featuring Don Omar","Premium Latin Music",110,166,60,"262557"
137,"spotify:track:6Pur3hWy6Nzc27ilmsp5HA","Los Enanitos Verdes","Lamento Boliviano","EMI Latin",86,155,254,"261916"
138,"spotify:track:2Dbq5moIguMsbRZa9SB7gD","Tony Dize, Yandel","Permitame","WY Records",81,134,138,"261077"
139,"spotify:track:0UXlu64mDLvfzR8IXMz06J","Christian Nodal","Ya No Somos Ni Seremos","Producciones Ladon, S.A de C.V.",51,157,84,"260799"
140,"spotify:track:79zvVrn65ksbiGQxrtV4I5","Don Omar","Guaya Guaya","UMLE - Machete",140,162,14,"259870"
141,"spotify:track:7yIIeKUxTpn36X6CFJhgEi","Bellakath, Dani Flow","Reggaeton Champagne","La Mafia del Perreo",48,141,17,"259451"
142,"spotify:track:447r2keRxpkINmWYp83MlH","Canserbero","Maquiavélico","La Biblioteca, LLC",87,150,35,"258795"
143,"spotify:track:1MfqPCs3Y722VK6zkWZ98Z","Ñejo & Dalmata","Pasarela","Urban Music",54,131,170,"258274"
144,"spotify:track:2beS6dD5rovBxSA1zYoSHR","Jhayco, J Balvin, Bad Bunny","No Me Conoce - Remix","N&E Entertainment LLC",3,159,247,"258254"
145,"spotify:track:27ze5t5tIDPlVits0KRbxT","Aventura","El Perdedor","Premium Latin Music",145,156,5,"257963"
146,"spotify:track:6lFM8kkmpffm0aq2gzEtEK","Aventura","Dile al Amor","Premium Latin Music",146,183,3,"256528"
147,"spotify:track:16dUQ4quIHDe4ZZ0wF1EMN","KAROL G, Ovy On The Drums","CAIRO","Universal Music Latino",13,181,65,"252292"
148,"spotify:track:0cubEBmB9wjsdBwXNFmzFy","Morat, Feid","Salir Con Vida","Universal Music Spain S.L.",6,185,59,"251569"
149,"spotify:track:5IlLm20JXhKbMtsH20NblC","Rels B","lo que hay x aquí","DALE PLAY Records / Flakk Team",48,194,39,"250841"
150,"spotify:track:3kAURWHIN3R9qUP0h4FOUw","Feid","DESQUITE","UMLE - Latino",16,154,10,"249368"
151,"spotify:track:0a6ogDrZBvYgDjILgsQVaJ","Arcángel","Hace Mucho Tiempo","Pina Records",59,173,69,"249202"
152,"spotify:track:4ObjArCiona7v0xbZ83rUZ","Nova y Jory","Bien Loco","JM World Music",152,186,6,"249091"
153,"spotify:track:2mnXxnrX5vCGolNkaFvVeM","Arcángel, Bad Bunny","La Jumpa","Rimas Entertainment LLC.",3,163,63,"249037"
154,"spotify:track:6lX6l7OuA3qrnIRfdsr0dw","Blessd, Justin Quiles, Lenny Tavárez","Medallo","WEA Latina",1,145,120,"247870"
155,"spotify:track:2WrqTrNIHqfcMCgmEo0A7E","Feid, KAROL G","FRIKI","Universal Music Latino",9,164,99,"247090"
156,"spotify:track:1iRvhKiXRElIH2Uf4gd95P","Jesse & Joy","Dueles","WM Mexico",88,121,40,"246330"
157,"spotify:track:6sRQjwLPdzADXhgZeKy6PQ","Frankie Ruiz","Tú Con El","flyMusic Producciones",122,177,87,"245613"
158,"spotify:track:1mlGScrDQqHqmhdIqE8MmA","Morat, Juanes","Besos En Guerra","Universal Music Spain S.L.",29,191,308,"245601"
159,"spotify:track:1LiN0Z98FkR1t0m8KmLcAH","Anuel AA, Haze","Amanece","House of Haze",11,140,99,"245512"
160,"spotify:track:6d3q0F9VNtdxQUTVlRcet6","Canserbero","Querer Querernos","Fundacion El Canserbero",107,148,6,"244586"
161,"spotify:track:4waqcUQWdj0yH26STWl2Rq","La Oreja de Van Gogh","Rosas","Columbia",161,200,3,"243945"
162,"spotify:track:0PB0O24JqAuNdOAFVJljMS","Eladio Carrion, Bad Bunny","Coco Chanel","Rimas Entertainment LLC",4,152,47,"243821"
163,"spotify:track:4TFNKnMWjcMWzpkSwQrrcu","Feid, DJ Premier","Le Pido a DIOS","UMLE - Latino",14,169,59,"243224"
164,"spotify:track:6NSMQFKgjpQb0KkjMDYIK0","Arcángel, Bad Bunny, Mambo Kingz, DJ Luian","Tu No Vive Asi (feat. Mambo Kingz & DJ Luian)","Hear This Music",79,-1,126,"240272"
165,"spotify:track:4skuEIloXWuxxgekKupkEH","Mon Laferte","Tu Falta De Querer","Universal Music Mexico",165,187,7,"240135"
166,"spotify:track:7DhYjNLksXZhbRQeheAums","Bacilos","Caraluna","WEA Latina",58,86,364,"240093"
167,"spotify:track:0bK3jxkbq5cDKWr68KtO8G","Manuel Medrano","Una y Otra Vez","WM Mexico",29,117,155,"239748"
168,"spotify:track:2J9B63FawlTaPdg4eH5X03","Beéle","Loco","Hear This Music",3,193,99,"239549"
169,"spotify:track:4wu7jIeJCUhQJaXsXVit0e","Blessd","Palabras Sobran","WEA Latina",23,139,38,"239117"
170,"spotify:track:2sTDlCxmuZCTDKKk9f1qus","Bad Bunny","WHERE SHE GOES","Rimas Entertainment LLC",1,179,38,"238100"
171,"spotify:track:0AAl3LtvIhEilWXZmYHeh5","Zion, Jory Boy, Ken-Y","More","Pina Records",90,174,47,"238051"
172,"spotify:track:1HWbpfmzt1YplLceHgirCv","Adolescent's Orquesta","Virgen","KORTA RECORDS",71,197,71,"237320"
173,"spotify:track:4UHRMwbbiZ7tkeEkhyN7iB","Adolescent's Orquesta","Persona Ideal - Me Tengo Que Ir","KORTA RECORDS",149,-1,15,"233926"
174,"spotify:track:0MT6qJd7wKlWjH7tP7oWHi","KAROL G","EL BARCO","UMLE - Latino",21,192,76,"233873"
175,"spotify:track:2in1gSZtv2lRbcZUmN9aAl","Fonseca","Te Mando Flores","Universal Music Colombia S.A.S.",92,188,303,"233703"
176,"spotify:track:6C1RD7YQVvt3YQj0CmuTeu","Bad Bunny, Ozuna, Farruko, Arcángel, Ñengo Flow, DJ Luian, Mambo Kingz","Diles","Rimas Entertainment LLC",39,-1,206,"233504"
177,"spotify:track:3upTB6o5YgeALHgDp3mzte","Grupo Firme, Gerardo Coronel","Qué Onda Perdida","Music VIP Entertainment Inc",81,167,27,"233370"
178,"spotify:track:5ixdmTpCmH5diBA1j154wN","Bad Bunny","UN PREVIEW","Rimas Entertainment LLC",9,189,20,"232884"
179,"spotify:track:4SW9gHnW8NfKOdqmh0ij45","Bizarrap, Milo j","Fruto","DALE PLAY Records",15,178,18,"232829"
180,"spotify:track:0EhuGnOS6fTc5l5UNtDEH2","Saiko, Quevedo, Feid, Mora","POLARIS - Remix","2023 Rimas Entertainment LLC.",31,-1,28,"232147"
181,"spotify:track:0JoHqmlqE0W0i9prt6kcHR","Maluma, Trap Capos, Noriel, Bryant Myers, Juhn","Cuatro Babys (feat. Trap Capos, Noriel, Bryant Myers & Juhn)","Sony Music Latin",16,-1,35,"231799"
182,"spotify:track:1BvoLDKmotg5dqfVW8y8KR","Luigi 21 Plus","Daga Adicta","Bokisucio Music",132,176,36,"230498"
183,"spotify:track:22AVtdVU43dMFTeWaUCthT","KAROL G","QUE CHIMBA DE VIDA","Bichota/Interscope Records",68,170,8,"229085"
184,"spotify:track:5g7sDjBhZ4I3gcFIpkrLuI","Bruno Mars","Locked out of Heaven","Atlantic Records",90,-1,68,"228923"
185,"spotify:track:3LqGq0UHMEHcipo7yfER8r","Blessd, SOG","HAGALE OME","WEA Latina",46,46,2,"228910"
186,"spotify:track:3TYOH7ta0101NYssoH5GlU","Bad Bunny, YOVNGCHIMI","MERCEDES CAROTA","Rimas Entertainment LLC",19,165,17,"228712"
187,"spotify:track:3b1IQflSLrgzYQPGFzI9cl","Juanes","Es Por Ti","Int'l Latin America",153,184,14,"228554"
188,"spotify:track:0VjIjW4GlUZAMYd2vXMi3b","The Weeknd","Blinding Lights","Republic Records",12,-1,170,"227984"
189,"spotify:track:56TE6fxZAcfQGcMVmezo7B","Tony Dize","El Doctorado","World Latin Music",90,190,39,"227847"
190,"spotify:track:6DUdDIRgLqCGq1DwkNWQTN","Maluma","Borro Cassette","Sony Music Latin",53,-1,63,"226455"
191,"spotify:track:6aommJFM8i3iT4inKuDSXh","Jósean Log","Chachachá","Jósean Log",164,-1,17,"226198"
192,"spotify:track:5QSYWruQQ7kBCHScI4xJ9g","Manuel Medrano","Bajo El Agua","WM Mexico",42,144,333,"225990"
193,"spotify:track:3QQAeMQbbjZXVFbF8DgFWT","Oscar Ortiz, Edgardo Nuñez","FIRST LOVE","Badsin Records, LLC",193,-1,1,"224686"
194,"spotify:track:1MB8kTH7VKvAMfL9SHgJmG","Sebastian Yatra, Manuel Turizo, Beéle","VAGABUNDO","UMLE - Latino",72,198,26,"223951"
195,"spotify:track:4tQofG51E0juZBBVr6pral","Mora","Tuyo","Rimas Entertainment LLC",109,-1,34,"223932"
196,"spotify:track:0BFQC00Y58JtjMyTXOJazO","KAROL G","S91","Bichota/Interscope Records",6,-1,29,"223026"
197,"spotify:track:5bD6mFl116xCxVMLy7IK9F","KAROL G, Dei V","GATITA GANGSTER","Bichota/Interscope Records",37,-1,21,"222866"
198,"spotify:track:19CmuECYssqkPWANF4nLWM","La Mosca Tse-Tse","Para No Verte Más","EMI Argentina",156,-1,35,"222088"
199,"spotify:track:5au1uA1b2hb7NdDdTQvJYW","Blessd","MAS RARO","WEA Latina",45,45,2,"221777"
200,"spotify:track:0OEBOJhSObnFuHuasXdt52","Shakira","Dia de Enero","Epic",164,-1,3,"221580"
